scope,category,category_causes,metric,input_file,file,sheet_file,sheet_or_workbook,original_size_bytes,cleaned_size_bytes,reduction_bytes,reduction_ratio,reduction_percent,sheet_or_workbook_count,mean_sheet_original_size,mean_sheet_cleaned_size,mean_sheet_reduction_bytes,mean_sheet_reduction_ratio,mean_sheet_reduction_percent
sheet_or_workbook,Overall Reduction,,absolute_bytes,frpp_public_dataset_fy24_07022025_af7affc7a554.xlsx,frpp_public_dataset_fy24_07022025_af7affc7a554.xlsx,xl/worksheets/sheet1.xml,xl/worksheets/sheet1.xml,1363857396,31801284,1332056112,0.9766828378881336,97.66828378881335,,,,,,
sheet_or_workbook,Overall Reduction,,relative_ratio,vegetation-santa-clara-and-santa-cruz-counties-ds3116-ff659__a4b6cd4e-4a94-4fab-92c9-dd062bb24e73_d72ec7a02605.xlsx,vegetation-santa-clara-and-santa-cruz-counties-ds3116-ff659__a4b6cd4e-4a94-4fab-92c9-dd062bb24e73_d72ec7a02605.xlsx,xl/worksheets/sheet.xml,xl/worksheets/sheet.xml,785818726,122,785818604,0.9999998447479095,99.99998447479095,,,,,,
excel_file,Overall Reduction,,absolute_bytes,frpp_public_dataset_fy24_07022025_af7affc7a554.xlsx,frpp_public_dataset_fy24_07022025_af7affc7a554.xlsx,,,1363859103,31802991,1332056112,0.9766816154762286,97.66816154762286,2,681929551.5,15901495.5,666028056.0,0.4883414189440668,48.83414189440668
excel_file,Overall Reduction,,relative_ratio,vegetation-santa-clara-and-santa-cruz-counties-ds3116-ff659__a4b6cd4e-4a94-4fab-92c9-dd062bb24e73_d72ec7a02605.xlsx,vegetation-santa-clara-and-santa-cruz-counties-ds3116-ff659__a4b6cd4e-4a94-4fab-92c9-dd062bb24e73_d72ec7a02605.xlsx,,,785819042,438,785818604,0.9999994426197679,99.9999442619768,2,392909521.0,219.0,392909302.0,0.49999992237395474,49.999992237395475
sheet_or_workbook,Empty Cells,PreprocessEmptySelfClosingCells;EmptyCellsWithoutContent;EmptyHiddenCells,absolute_bytes,PFAS_BSAF_DATA__2__49658e04b555.xlsx,PFAS_BSAF_DATA__2__49658e04b555.xlsx,xl/worksheets/sheet1.xml,xl/worksheets/sheet1.xml,637977753,4773245,573679080,0.8992148665096164,89.92148665096164,,,,,,
sheet_or_workbook,Empty Cells,PreprocessEmptySelfClosingCells;EmptyCellsWithoutContent;EmptyHiddenCells,relative_ratio,growth-and-yield-data-for-the-bushland-texas-maize-for-grain-datasets__cf0bea58-02ee-4946-bdb2-f96aaff8f421_9a09decb1b3c.xlsx,growth-and-yield-data-for-the-bushland-texas-maize-for-grain-datasets__cf0bea58-02ee-4946-bdb2-f96aaff8f421_9a09decb1b3c.xlsx,xl/worksheets/sheet1.xml,xl/worksheets/sheet1.xml,2058790,5534,2053256,0.9973120133670749,99.73120133670749,,,,,,
excel_file,Empty Cells,PreprocessEmptySelfClosingCells;EmptyCellsWithoutContent;EmptyHiddenCells,absolute_bytes,Adage_oilprice_main_results_42eeaec3f7ff.xlsx,Adage_oilprice_main_results_42eeaec3f7ff.xlsx,,,1258668635,212411926,756262247,0.6008430066266012,60.08430066266012,33,38141473.78787879,6436725.03030303,31704748.757575758,0.5303152705673294,53.03152705673294
excel_file,Empty Cells,PreprocessEmptySelfClosingCells;EmptyCellsWithoutContent;EmptyHiddenCells,relative_ratio,Copy of Test 5 Results Sheet CAC_WRR_cd75134e995d.xlsx,Copy of Test 5 Results Sheet CAC_WRR_cd75134e995d.xlsx,,,2989011,49103,2938500,0.9831010993268342,98.31010993268342,4,747252.75,12275.75,734977.0,0.4965296424776551,49.65296424776551
sheet_or_workbook,Empty Rows,EmptyRowsWithoutVisibleStyleOrHeight,absolute_bytes,spreadsheet-for-lysimeter-data-analysis-bushland-texas-c1205__85c000cd-0630-4110-ab27-0a61dc45d039_998d0226df50.xlsx,spreadsheet-for-lysimeter-data-analysis-bushland-texas-c1205__85c000cd-0630-4110-ab27-0a61dc45d039_998d0226df50.xlsx,xl/worksheets/sheet3.xml,xl/worksheets/sheet3.xml,728967935,347265043,282085467,0.38696553504784814,38.696553504784816,,,,,,
sheet_or_workbook,Empty Rows,EmptyRowsWithoutVisibleStyleOrHeight,relative_ratio,Waits et al Data_13ecc934ccbc.xlsx,Waits et al Data_13ecc934ccbc.xlsx,xl/worksheets/sheet3.xml,xl/worksheets/sheet3.xml,1257225,2109,1255116,0.9983224959732745,99.83224959732745,,,,,,
excel_file,Empty Rows,EmptyRowsWithoutVisibleStyleOrHeight,absolute_bytes,QT_RR data_dobutamine challenge test_Hazari_Dec 2015_84eb838fbc46.xlsx,QT_RR data_dobutamine challenge test_Hazari_Dec 2015_84eb838fbc46.xlsx,,,1349245268,28379018,1045364094,0.7747769206925246,77.47769206925246,13,103788097.53846154,2183001.3846153845,101605096.15384616,0.7553461326573812,75.53461326573812
excel_file,Empty Rows,EmptyRowsWithoutVisibleStyleOrHeight,relative_ratio,liverwort_kowalczyk_2018_7e180bf20d9c.xlsx,liverwort_kowalczyk_2018_7e180bf20d9c.xlsx,,,1414194,9707,1404451,0.9931105633314807,99.31105633314807,3,471398.0,3235.6666666666665,468162.3333333333,0.3317124266364356,33.17124266364356
sheet_or_workbook,Trailing Layout Rows,TrailingLayoutOnlyRows,absolute_bytes,pcc_utilization_pivot_2021_9b02039808c1.xlsx,pcc_utilization_pivot_2021_9b02039808c1.xlsx,xl/worksheets/sheet1.xml,xl/worksheets/sheet1.xml,93569768,667810,45928389,0.490846455876646,49.084645587664596,,,,,,
sheet_or_workbook,Trailing Layout Rows,TrailingLayoutOnlyRows,relative_ratio,DatabaseS2-Regional-Temperature-Reconstructions_c861f437d51b.xlsx,DatabaseS2-Regional-Temperature-Reconstructions_c861f437d51b.xlsx,xl/worksheets/sheet1.xml,xl/worksheets/sheet1.xml,2679073,4234,2674558,0.9983147155751262,99.83147155751261,,,,,,
excel_file,Trailing Layout Rows,TrailingLayoutOnlyRows,absolute_bytes,pcc_utilization_pivot_2021_9b02039808c1.xlsx,pcc_utilization_pivot_2021_9b02039808c1.xlsx,,,117855351,12521179,45928389,0.3897013466957474,38.97013466957474,5,23571070.2,2504235.8,21066834.4,0.559048213711342,55.9048213711342
excel_file,Trailing Layout Rows,TrailingLayoutOnlyRows,relative_ratio,data-from-large-subsurface-carbon-stocks-in-a-long-term-no-tillage-site-are-vulnerable-to-__8d43c437-46d0-4303-a9d8-cbfcbcc1be4c_cab5d5379399.xlsx,data-from-large-subsurface-carbon-stocks-in-a-long-term-no-tillage-site-are-vulnerable-to-__8d43c437-46d0-4303-a9d8-cbfcbcc1be4c_cab5d5379399.xlsx,,,46315,5477,40838,0.8817445751916226,88.17445751916226,2,23157.5,2738.5,20419.0,0.4508301686832112,45.08301686832112
sheet_or_workbook,Empty Row Attributes,EmptyRowAttributeCleanup,absolute_bytes,pcc_utilization_pivot_2022_d9d87157e663.xlsx,pcc_utilization_pivot_2022_d9d87157e663.xlsx,xl/worksheets/sheet1.xml,xl/worksheets/sheet1.xml,85179121,637907,36579550,0.42944267997318264,42.94426799731826,,,,,,
sheet_or_workbook,Empty Row Attributes,EmptyRowAttributeCleanup,relative_ratio,pcc_utilization_pivot_2022_d9d87157e663.xlsx,pcc_utilization_pivot_2022_d9d87157e663.xlsx,xl/worksheets/sheet1.xml,xl/worksheets/sheet1.xml,85179121,637907,36579550,0.42944267997318264,42.94426799731826,,,,,,
excel_file,Empty Row Attributes,EmptyRowAttributeCleanup,absolute_bytes,pcc_utilization_pivot_2022_d9d87157e663.xlsx,pcc_utilization_pivot_2022_d9d87157e663.xlsx,,,105743381,8384915,36579550,0.34592756212325004,34.59275621232501,5,21148676.2,1676983.0,19471693.2,0.5907563244627996,59.075632446279954
excel_file,Empty Row Attributes,EmptyRowAttributeCleanup,relative_ratio,pcc_utilization_pivot_2022_d9d87157e663.xlsx,pcc_utilization_pivot_2022_d9d87157e663.xlsx,,,105743381,8384915,36579550,0.34592756212325004,34.59275621232501,5,21148676.2,1676983.0,19471693.2,0.5907563244627996,59.075632446279954
sheet_or_workbook,Column Range Merge,ExtraneousColumnRangeMerge,absolute_bytes,hafd15-32018-extract_ab3c8e429c74.xlsx,hafd15-32018-extract_ab3c8e429c74.xlsx,xl/worksheets/sheet1.xml,xl/worksheets/sheet1.xml,4908560,3812183,1064679,0.21690251316068257,21.690251316068256,,,,,,
sheet_or_workbook,Column Range Merge,ExtraneousColumnRangeMerge,relative_ratio,Nestlerode et al 2018 for science hub_9d0294b37844.xlsx,Nestlerode et al 2018 for science hub_9d0294b37844.xlsx,xl/worksheets/sheet5.xml,xl/worksheets/sheet5.xml,326696,6072,320510,0.9810649655949262,98.10649655949261,,,,,,
excel_file,Column Range Merge,ExtraneousColumnRangeMerge,absolute_bytes,Table 2 three month exp SEM data Gavett 2016 PFT_4fe3a7ae08ef.xlsx,Table 2 three month exp SEM data Gavett 2016 PFT_4fe3a7ae08ef.xlsx,,,18451966,8724261,6247908,0.3386039189536768,33.860391895367684,59,312745.18644067796,147868.83050847458,164876.35593220338,0.5478221397464895,54.782213974648954
excel_file,Column Range Merge,ExtraneousColumnRangeMerge,relative_ratio,Dearborn_organic_speciation_04c05f7ff998.xlsx,Dearborn_organic_speciation_04c05f7ff998.xlsx,,,257597,47559,209484,0.8132237564878473,81.32237564878473,2,128798.5,23779.5,105019.0,0.4093031413204459,40.930314132044586
sheet_or_workbook,Unreferenced Whitespace,UnreferencedWhitespaceCells,absolute_bytes,frpp_public_dataset_fy24_07022025_af7affc7a554.xlsx,frpp_public_dataset_fy24_07022025_af7affc7a554.xlsx,xl/worksheets/sheet1.xml,xl/worksheets/sheet1.xml,1363857396,31801284,605273913,0.4437956011934843,44.37956011934843,,,,,,
sheet_or_workbook,Unreferenced Whitespace,UnreferencedWhitespaceCells,relative_ratio,east-canada2014temp_53770993952a.xlsx,east-canada2014temp_53770993952a.xlsx,xl/worksheets/sheet7.xml,xl/worksheets/sheet7.xml,28217802,1862527,26355275,0.9339946109197308,93.39946109197308,,,,,,
excel_file,Unreferenced Whitespace,UnreferencedWhitespaceCells,absolute_bytes,frpp_public_dataset_fy24_07022025_af7affc7a554.xlsx,frpp_public_dataset_fy24_07022025_af7affc7a554.xlsx,,,1363859103,31802991,605273913,0.4437950457408796,44.37950457408796,2,681929551.5,15901495.5,666028056.0,0.4883414189440668,48.83414189440668
excel_file,Unreferenced Whitespace,UnreferencedWhitespaceCells,relative_ratio,east-canada2014temp_53770993952a.xlsx,east-canada2014temp_53770993952a.xlsx,,,112074455,17823965,94249033,0.8409501790573062,84.09501790573061,17,6592615.0,1048468.5294117647,5544146.470588235,0.5117656981850134,51.176569818501335
sheet_or_workbook,Unreferenced Hidden Content,UnreferencedHiddenContentCells,absolute_bytes,frpp_public_dataset_fy24_07022025_af7affc7a554.xlsx,frpp_public_dataset_fy24_07022025_af7affc7a554.xlsx,xl/worksheets/sheet1.xml,xl/worksheets/sheet1.xml,1363857396,31801284,726782199,0.5328872366946493,53.28872366946493,,,,,,
sheet_or_workbook,Unreferenced Hidden Content,UnreferencedHiddenContentCells,relative_ratio,SI5. Crop Residue Supplementary Information_e11a761215f9.xlsx,SI5. Crop Residue Supplementary Information_e11a761215f9.xlsx,xl/worksheets/sheet17.xml,xl/worksheets/sheet17.xml,679430,24083,653644,0.9620475987224585,96.20475987224584,,,,,,
excel_file,Unreferenced Hidden Content,UnreferencedHiddenContentCells,absolute_bytes,frpp_public_dataset_fy24_07022025_af7affc7a554.xlsx,frpp_public_dataset_fy24_07022025_af7affc7a554.xlsx,,,1363859103,31802991,726782199,0.532886569735349,53.2886569735349,2,681929551.5,15901495.5,666028056.0,0.4883414189440668,48.83414189440668
excel_file,Unreferenced Hidden Content,UnreferencedHiddenContentCells,relative_ratio,data-from-understanding-the-effects-of-grazing-and-prescribed-fire-on-hydrology-of-kentuck__d3e0b023-c543-4f9b-bf7c-b2a2b9691299_5f0ac8f70548.xlsx,data-from-understanding-the-effects-of-grazing-and-prescribed-fire-on-hydrology-of-kentuck__d3e0b023-c543-4f9b-bf7c-b2a2b9691299_5f0ac8f70548.xlsx,,,380909,77546,303363,0.7964185671643358,79.64185671643358,2,190454.5,38773.0,151681.5,0.4007945525456333,40.07945525456333
sheet_or_workbook,Hidden Empty Rows,PreprocessConsecutiveHiddenEmptyRows;ConsecutiveHiddenEmptyRows,absolute_bytes,Decentralized Life Cycle Cost Assessment_SF Reuse_69c5be921a2c.xlsx,Decentralized Life Cycle Cost Assessment_SF Reuse_69c5be921a2c.xlsx,xl/worksheets/sheet3.xml,xl/worksheets/sheet3.xml,292444502,2655207,289741413,0.9907569163327954,99.07569163327953,,,,,,
sheet_or_workbook,Hidden Empty Rows,PreprocessConsecutiveHiddenEmptyRows;ConsecutiveHiddenEmptyRows,relative_ratio,Bath AD _ Compost Model_v2_5.8.17_632c2f616e0b.xlsx,Bath AD _ Compost Model_v2_5.8.17_632c2f616e0b.xlsx,xl/worksheets/sheet8.xml,xl/worksheets/sheet8.xml,95301013,7104,95293469,0.99992084029579,99.992084029579,,,,,,
excel_file,Hidden Empty Rows,PreprocessConsecutiveHiddenEmptyRows;ConsecutiveHiddenEmptyRows,absolute_bytes,Decentralized Life Cycle Cost Assessment_SF Reuse_69c5be921a2c.xlsx,Decentralized Life Cycle Cost Assessment_SF Reuse_69c5be921a2c.xlsx,,,292780321,2952239,289742793,0.9896252316766877,98.96252316766876,14,20912880.07142857,210874.2142857143,20702005.85714286,0.17306555852001,17.306555852000997
excel_file,Hidden Empty Rows,PreprocessConsecutiveHiddenEmptyRows;ConsecutiveHiddenEmptyRows,relative_ratio,Decentralized Thermal Recovery Calculations_SF Reuse_f581e73f6a48.xlsx,Decentralized Thermal Recovery Calculations_SF Reuse_f581e73f6a48.xlsx,,,53467730,49730,53414182,0.9989984987206302,99.89984987206302,8,6683466.25,6216.25,6677250.0,0.20900002003958437,20.900002003958438
